a2228b,ASA30   ,United States,1748882515,1748882515,-121.6609,37.962,3992.88,False,190.04,63.3,10.08,,4122.42,3317,False,0,0,2025-06-02 16:41:56
a14b05,N1824G  ,United States,1748882515,1748882515,-121.2514,37.8263,2598.42,False,74.62,346.44,0.33,,2621.28,6703,False,0,0,2025-06-02 16:41:56
a23333,N2406K  ,United States,1748882515,1748882515,-122.9815,38.7142,1066.8,False,56.65,272.6,0.98,,1036.32,,False,0,0,2025-06-02 16:41:56
a8da4a,N67KK   ,United States,1748882515,1748882515,-122.1552,37.5276,274.32,False,73.88,250.05,-0.65,,243.84,0342,False,0,0,2025-06-02 16:41:56
a54fb8,N441QF  ,United States,1748882515,1748882515,-121.6188,38.2461,914.4,False,53.23,23.34,-0.65,,929.64,,False,0,0,2025-06-02 16:41:56
a4b074,N401BC  ,United States,1748882350,1748882353,-122.7676,38.4307,502.92,False,72.42,337.44,-3.9,,487.68,6074,False,0,0,2025-06-02 16:41:56
ada2f5,CTP978  ,United States,1748882515,1748882515,-121.7521,37.8266,3771.9,False,171.67,67.82,11.7,,3909.06,3243,False,0,0,2025-06-02 16:41:56
a9508c,N7HA    ,United States,1748882515,1748882515,-121.0962,37.9922,8938.26,False,242.62,77.26,13.0,,9288.78,6312,False,0,0,2025-06-02 16:41:56
a868cb,N64087  ,United States,1748882494,1748882509,-122.1277,37.6636,,True,0.0,160.31,,,,,False,0,0,2025-06-02 16:41:56
a12756,UAL730  ,United States,1748882515,1748882515,-122.3858,37.6188,,True,0.26,188.44,,,,1431,False,0,0,2025-06-02 16:41:56
a4c45a,EJA406  ,United States,1748882515,1748882515,-122.2501,38.2988,2125.98,False,108.75,220.4,0.0,,2171.7,0517,False,0,0,2025-06-02 16:41:56
a749d9,CXK448  ,United States,1748882515,1748882515,-121.9075,38.4933,853.44,False,65.16,241.21,1.3,,830.58,,False,0,0,2025-06-02 16:41:56
a41f9c,N365HP  ,United States,1748882510,1748882511,-122.2128,37.7282,,True,4.12,5.62,,,,0322,False,0,0,2025-06-02 16:41:56
a96480,N704MC  ,United States,1748882514,1748882514,-122.2475,37.5108,,True,4.37,104.06,,,,,False,0,0,2025-06-02 16:41:56
a4a388,N3985   ,United States,1748882515,1748882515,-121.4755,38.37,1074.42,False,43.66,158.57,0.65,,1059.18,,False,0,0,2025-06-02 16:41:56
a0e5d7,SKW5394 ,United States,1748882515,1748882515,-121.1707,38.7412,7010.4,False,210.99,45.2,-0.33,,7277.1,4216,False,0,0,2025-06-02 16:41:56
a7f05c,N610SP  ,United States,1748882515,1748882515,-122.2516,37.5133,0.0,False,4.4,249.44,0.0,,-30.48,,False,0,0,2025-06-02 16:41:56
a702ca,N5507T  ,United States,1748882514,1748882515,-121.4373,37.8815,487.68,False,52.92,116.57,-1.95,,480.06,,False,0,0,2025-06-02 16:41:56
a693c4,N52272  ,United States,1748882515,1748882515,-122.1125,37.6403,182.88,False,38.21,223.36,3.9,,175.26,1200,False,0,0,2025-06-02 16:41:56
781e2a,CKK221  ,China,1748882515,1748882515,-122.859,38.311,10058.4,False,251.27,139.07,0.0,,10431.78,1123,False,0,0,2025-06-02 16:41:56
ac6f2d,N900AA  ,United States,1748882514,1748882515,-121.4106,38.3272,274.32,False,31.91,290.77,-1.63,,243.84,,False,0,0,2025-06-02 16:41:56
a129b0,SKW3409 ,United States,1748882515,1748882515,-122.7295,38.3604,914.4,False,86.67,336.94,-3.9,,906.78,7774,False,0,0,2025-06-02 16:41:56
a3ef1b,UAL2356 ,United States,1748882510,1748882510,-122.3846,37.6215,,True,4.89,298.12,,,,7615,False,0,0,2025-06-02 16:41:56
a2bc12,UAL1679 ,United States,1748882515,1748882515,-122.4336,37.6971,1379.22,False,128.73,217.69,3.58,,1371.6,3234,False,0,0,2025-06-02 16:41:56
a369ee,AAL2418 ,United States,1748882515,1748882515,-122.1801,37.557,762.0,False,102.03,291.91,-4.88,,746.76,7267,False,0,0,2025-06-02 16:41:56
a76f66,UAL336  ,United States,1748882501,1748882501,-122.3905,37.6214,,True,0.77,163.12,,,,6040,False,0,1,2025-06-02 16:41:56
acbaf8,N91934  ,United States,1748882515,1748882515,-122.0852,37.6129,373.38,False,47.43,176.27,1.95,,342.9,,False,0,0,2025-06-02 16:41:56
a2253c,N23724  ,United States,1748882219,1748882224,-122.0536,37.9822,,True,4.37,95.62,,,,,False,0,0,2025-06-02 16:41:56
a75d57,CXK1094 ,United States,1748882263,1748882263,-121.4694,38.4896,335.28,False,44.4,349.99,-0.33,,281.94,,False,0,0,2025-06-02 16:41:56
a1dcb4,UAL2603 ,United States,1748882515,1748882515,-122.2939,37.5926,327.66,False,73.4,290.09,-3.25,,304.8,2752,False,0,0,2025-06-02 16:41:56
a025ca,N1087S  ,United States,1748882514,1748882515,-121.8255,38.5189,518.16,False,62.84,204.68,-1.3,,502.92,,False,0,0,2025-06-02 16:41:56
aca35d,CMD70   ,United States,1748882515,1748882515,-121.4366,38.7925,1828.8,False,118.6,341.8,0.0,,1859.28,,False,0,0,2025-06-02 16:41:56
acb636,AAL2081 ,United States,1748882515,1748882515,-121.401,38.8856,1257.3,False,130.33,250.64,-3.9,,1257.3,,False,0,0,2025-06-02 16:41:56
add790,NKS2503 ,United States,1748882210,1748882210,-122.2167,37.711,,True,0.0,118.12,,,,1004,False,0,0,2025-06-02 16:41:56
a120a6,N172AL  ,United States,1748882515,1748882515,-122.0449,37.5212,480.06,False,46.52,231.74,-2.28,,449.58,1200,False,0,0,2025-06-02 16:41:56
a3c3e0,UAL1960 ,United States,1748882515,1748882515,-122.0189,37.5049,1760.22,False,124.38,292.11,-4.23,,1775.46,3667,False,0,0,2025-06-02 16:41:56
aa019c,N744CD  ,United States,1748882513,1748882514,-121.3905,38.4846,944.88,False,75.34,162.93,-0.33,,937.26,,False,0,0,2025-06-02 16:41:56
a15739,N186CS  ,United States,1748882488,1748882490,-121.9788,38.9115,1386.84,False,56.53,346.85,0.0,,1386.84,,False,0,0,2025-06-02 16:41:56
a81f1f,QXE2274 ,United States,1748882515,1748882515,-121.9762,37.7394,5821.68,False,192.35,356.01,9.1,,6065.52,6320,False,0,0,2025-06-02 16:41:56
a513ea,SWA2737 ,United States,1748882424,1748882424,-121.6364,38.7982,609.6,False,88.12,97.04,-2.93,,624.84,2432,False,0,0,2025-06-02 16:41:56
a62248,N4947G  ,United States,1748882511,1748882514,-121.4508,37.6778,342.9,False,49.56,131.63,-0.65,,289.56,,False,0,0,2025-06-02 16:41:56
a59172,BYF19   ,United States,1748882515,1748882516,-122.2478,37.526,396.24,False,43.36,138.37,2.93,,358.14,,False,0,0,2025-06-02 16:41:56
a9d789,N733PV  ,United States,1748882514,1748882514,-121.5609,37.9125,1127.76,False,47.9,245.91,2.93,,1112.52,1200,False,0,0,2025-06-02 16:41:56
a05ee5,N123AP  ,United States,1748882513,1748882513,-121.161,37.9757,883.92,False,60.51,64.31,1.95,,853.44,,False,0,0,2025-06-02 16:41:56
aae004,N80FC   ,United States,1748882516,1748882516,-121.3802,37.6526,1706.88,False,67.51,122.24,-0.33,,1684.02,0370,False,0,0,2025-06-02 16:41:56
ab128d,UAL1417 ,United States,1748882515,1748882515,-122.3334,37.651,723.9,False,78.94,54.55,14.63,,693.42,3352,False,0,0,2025-06-02 16:41:56
ac8a9c,EJA907  ,United States,1748882515,1748882515,-122.4647,37.7222,3352.8,False,124.29,111.36,0.0,,3436.62,3521,False,0,0,2025-06-02 16:41:56
a3c59d,DZR342  ,United States,1748882515,1748882516,-122.2618,37.732,396.24,False,112.19,305.29,8.13,,373.38,6353,False,0,0,2025-06-02 16:41:56
a7dbd2,N605WM  ,United States,1748882506,1748882506,-122.2471,37.5089,,True,0.0,81.56,,,,,False,0,0,2025-06-02 16:41:56
a4e4fd,SWA2355 ,United States,1748882513,1748882515,-122.2129,37.7109,,True,0.0,59.06,,,,,False,0,0,2025-06-02 16:41:56
a3c666,N342TA  ,United States,1748882515,1748882515,-121.6599,38.1111,914.4,False,45.23,19.26,0.0,,906.78,,False,0,0,2025-06-02 16:41:56
a2b8fe,UAL1175 ,United States,1748882436,1748882515,-122.3808,37.6191,,True,11.83,118.12,,,,,False,0,0,2025-06-02 16:41:56
a54e8f,N441CJ  ,United States,1748882515,1748882515,-122.0674,37.7601,2590.8,False,106.13,319.13,0.0,,2636.52,4247,False,0,0,2025-06-02 16:41:56
a9f03a,N74AJ   ,United States,1748882354,1748882354,-121.2897,37.7619,0.0,False,13.12,115.56,-5.85,,,,False,0,0,2025-06-02 16:41:56
ac96be,AAL487  ,United States,1748882515,1748882515,-121.3334,38.1294,5981.7,False,228.08,71.73,5.85,,6225.54,3335,False,0,0,2025-06-02 16:41:56
a1fbb2,HAL73   ,United States,1748882515,1748882515,-122.0957,38.3546,4335.78,False,190.45,245.93,12.35,,4503.42,,False,0,0,2025-06-02 16:41:56
a7e6cf,SKW5414 ,United States,1748882515,1748882515,-122.3111,37.5141,1851.66,False,112.51,154.26,-5.85,,1874.52,4256,False,0,0,2025-06-02 16:41:56
a58bbf,N4567M  ,United States,1748882514,1748882514,-121.5297,38.2826,937.26,False,78.2,0.75,0.0,,929.64,,False,0,0,2025-06-02 16:41:56
ae2694,C6562   ,United States,1748882515,1748882515,-122.3939,37.5622,358.14,False,49.77,330.26,0.0,,335.28,0346,False,0,13,2025-06-02 16:41:56
aa34d9,N757JG  ,United States,1748882515,1748882515,-121.2854,38.4034,365.76,False,42.97,301.79,0.33,,358.14,,False,0,0,2025-06-02 16:41:56
aa34d6,N757JD  ,United States,1748882515,1748882515,-122.1068,37.6528,121.92,False,37.68,122.17,3.58,,83.82,,False,0,0,2025-06-02 16:41:56
a31a2d,UAL2    ,United States,1748882290,1748882292,-122.3904,37.6179,,True,0.0,191.25,,,,,False,0,6,2025-06-02 16:41:56
c0501e,ACA562  ,Canada,1748882515,1748882515,-122.6209,37.85,4274.82,False,141.29,139.87,-3.25,,4434.84,2651,False,0,0,2025-06-02 16:41:56
a68ca6,N521AA  ,United States,1748882515,1748882515,-121.9575,38.1169,5836.92,False,138.24,44.4,8.45,,6073.14,3240,False,0,0,2025-06-02 16:41:56
a288e4,UAL539  ,United States,1748882515,1748882515,-122.3764,37.6216,,True,27.78,295.31,,,,3232,False,0,0,2025-06-02 16:41:56
aa32e4,N7561X  ,United States,1748882515,1748882515,-122.0639,37.9758,182.88,False,45.09,196.57,5.2,,114.3,,False,0,0,2025-06-02 16:41:56
a2b112,UAL369  ,United States,1748882507,1748882507,-122.394,37.6199,,True,5.14,253.12,,,,3247,False,0,0,2025-06-02 16:41:56
ac1f44,EJA880  ,United States,1748882506,1748882506,-122.3824,37.6272,,True,3.86,28.12,,,,1357,False,0,0,2025-06-02 16:41:56
a2b110,UAL1385 ,United States,1748882515,1748882516,-121.8127,37.5059,2392.68,False,152.16,253.1,-6.83,,2446.02,3746,False,0,0,2025-06-02 16:41:56
a9e11b,C8327   ,United States,1748882515,1748882515,-121.2133,38.826,1280.16,False,52.39,215.41,1.95,,1280.16,,False,0,0,2025-06-02 16:41:56
a88467,QXE2079 ,United States,1748882515,1748882515,-122.1925,38.1184,3649.98,False,169.79,37.74,0.0,,3787.14,6363,False,0,0,2025-06-02 16:41:56
a81490,STT62   ,United States,1748882515,1748882515,-122.7147,38.3858,1950.72,False,87.96,148.63,-6.18,,1988.82,3120,False,0,0,2025-06-02 16:41:56
ad129d,,United States,1748882208,1748882208,-122.0588,37.9901,,True,4.63,25.31,,,,,False,0,0,2025-06-02 16:41:56
abe53c,DOW866  ,United States,1748882515,1748882515,-121.4868,38.9118,10485.12,False,225.44,65.89,14.31,,10866.12,6373,False,0,0,2025-06-02 16:41:56
a2f0f3,N289RT  ,United States,1748882511,1748882512,-122.211,37.729,,True,0.0,213.75,,,,4505,False,0,0,2025-06-02 16:41:56
76cdb9,SIA32   ,Singapore,1748882508,1748882508,-122.3917,37.6228,,True,3.86,236.25,,,,1113,False,0,0,2025-06-02 16:41:56
ac16bb,SWA2437 ,United States,1748882496,1748882508,-122.2123,37.71,,True,0.0,129.38,,,,,False,0,0,2025-06-02 16:41:56
aad96c,N79893  ,United States,1748882515,1748882515,-121.4696,38.132,579.12,False,47.65,45.44,-0.65,,518.16,,False,0,0,2025-06-02 16:41:56
aab31a,N789MT  ,United States,1748882515,1748882515,-121.8448,38.1233,640.08,False,39.7,238.78,-3.58,,609.6,,False,0,0,2025-06-02 16:41:56
a68631,N5197F  ,United States,1748882515,1748882515,-121.6306,37.8349,60.96,False,45.13,313.15,3.25,,30.48,,False,0,0,2025-06-02 16:41:56
abf67f,N870BR  ,United States,1748882515,1748882515,-121.1053,37.9549,1417.32,False,71.99,309.49,-0.33,,1417.32,,False,0,0,2025-06-02 16:41:56
a98d3b,N714ZU  ,United States,1748882492,1748882492,-121.4797,38.3535,175.26,False,32.81,311.19,-2.28,,228.6,,False,0,0,2025-06-02 16:41:56
a4ffca,N421ER  ,United States,1748882514,1748882514,-121.448,37.6926,121.92,False,40.42,312.42,3.58,,45.72,,False,0,0,2025-06-02 16:41:56
a7f33f,611JB   ,United States,1748882262,1748882262,-121.418,38.3209,167.64,False,32.0,274.61,-3.25,,152.4,,False,0,0,2025-06-02 16:41:56
a718be,N5565B  ,United States,1748882515,1748882515,-121.2012,38.942,922.02,False,61.05,77.84,0.0,,891.54,,False,0,0,2025-06-02 16:41:56
a588c7,N456DX  ,United States,1748882515,1748882515,-122.0939,37.5986,365.76,False,47.34,181.25,0.33,,335.28,1200,False,0,0,2025-06-02 16:41:56
a6c4f0,CXK546  ,United States,1748882303,1748882303,-121.8466,37.6771,426.72,False,46.71,172.41,-2.6,,411.48,,False,0,0,2025-06-02 16:41:56
a448f6,UAL2863 ,United States,1748882515,1748882516,-122.1924,37.5295,944.88,False,108.93,330.89,-6.5,,937.26,7773,False,0,0,2025-06-02 16:41:56
011111,N8245A  ,Egypt,1748882515,1748882515,-121.5818,37.8709,1371.6,False,55.68,211.78,0.33,,1371.6,,False,0,2,2025-06-02 16:41:56
a0a457,SKW5241 ,United States,1748882349,1748882350,-122.387,37.6211,,True,0.26,219.38,,,,1664,False,0,0,2025-06-02 16:41:56
a3f10a,N353ME  ,United States,1748882515,1748882515,-121.6077,38.3762,617.22,False,48.18,30.12,0.98,,579.12,,False,0,0,2025-06-02 16:41:56
a9be77,N727KJ  ,United States,1748882515,1748882515,-121.0976,38.5388,1028.7,False,31.42,140.31,0.0,,1036.32,,False,0,0,2025-06-02 16:41:56
a66484,N5105P  ,United States,1748882515,1748882515,-121.4592,38.3572,426.72,False,42.97,301.79,0.65,,426.72,,False,0,0,2025-06-02 16:41:56
a7f804,SKW5490 ,United States,1748882515,1748882515,-121.8256,38.9193,10363.2,False,221.79,250.35,-0.33,,10744.2,,False,0,0,2025-06-02 16:41:56
a2228b,ASA30   ,United States,1748882524,1748882524,-121.6437,37.9689,4091.94,False,191.19,63.3,10.4,,4236.72,3317,False,0,0,2025-06-02 16:42:05
a14b05,N1824G  ,United States,1748882524,1748882524,-121.2533,37.8325,2598.42,False,75.12,346.53,0.0,,2621.28,6703,False,0,0,2025-06-02 16:42:05
a23333,N2406K  ,United States,1748882521,1748882521,-122.9845,38.7157,1059.18,False,48.23,326.31,-2.6,,1036.32,,False,0,0,2025-06-02 16:42:05
a8da4a,N67KK   ,United States,1748882524,1748882524,-122.1621,37.5257,274.32,False,66.06,250.44,-1.95,,251.46,0342,False,0,0,2025-06-02 16:42:05
a54fb8,N441QF  ,United States,1748882524,1748882524,-121.6166,38.2499,922.02,False,51.61,23.5,1.3,,937.26,,False,0,0,2025-06-02 16:42:05
a4b074,N401BC  ,United States,1748882350,1748882353,-122.7676,38.4307,502.92,False,72.42,337.44,-3.9,,487.68,6074,False,0,0,2025-06-02 16:42:05
ada2f5,CTP978  ,United States,1748882524,1748882524,-121.7354,37.8321,3878.58,False,174.83,67.51,14.31,,4015.74,3243,False,0,0,2025-06-02 16:42:05
a9508c,N7HA    ,United States,1748882524,1748882524,-121.0721,37.9964,9029.7,False,243.55,78.55,7.48,,9380.22,6312,False,0,0,2025-06-02 16:42:05
a868cb,N64087  ,United States,1748882524,1748882524,-122.1277,37.6636,,True,0.0,160.31,,,,,False,0,0,2025-06-02 16:42:05
a12756,UAL730  ,United States,1748882515,1748882521,-122.3858,37.6188,,True,0.06,188.44,,,,1431,False,0,0,2025-06-02 16:42:05
a4c45a,EJA406  ,United States,1748882524,1748882524,-122.2574,38.2922,2125.98,False,108.75,220.4,0.0,,2171.7,0517,False,0,0,2025-06-02 16:42:05
a749d9,CXK448  ,United States,1748882524,1748882524,-121.9136,38.4919,853.44,False,59.24,267.01,-0.33,,830.58,,False,0,0,2025-06-02 16:42:05
a41f9c,N365HP  ,United States,1748882510,1748882511,-122.2128,37.7282,,True,4.12,5.62,,,,0322,False,0,0,2025-06-02 16:42:05
a96480,N704MC  ,United States,1748882519,1748882519,-122.2473,37.5107,,True,2.83,132.19,,,,,False,0,0,2025-06-02 16:42:05
a4a388,N3985   ,United States,1748882524,1748882524,-121.4739,38.3664,1074.42,False,44.44,159.68,0.33,,1059.18,,False,0,0,2025-06-02 16:42:05
a0e5d7,SKW5394 ,United States,1748882524,1748882524,-121.1545,38.7538,7010.4,False,210.99,45.2,0.33,,7277.1,4216,False,0,0,2025-06-02 16:42:05
a7f05c,N610SP  ,United States,1748882517,1748882518,-122.2517,37.5131,0.0,False,3.45,206.57,0.0,,-30.48,,False,0,0,2025-06-02 16:42:05
a702ca,N5507T  ,United States,1748882524,1748882524,-121.4357,37.8776,487.68,False,50.51,183.5,0.0,,472.44,,False,0,0,2025-06-02 16:42:05
a693c4,N52272  ,United States,1748882524,1748882524,-122.1155,37.6379,182.88,False,45.65,230.03,-3.58,,152.4,1200,False,0,0,2025-06-02 16:42:05
781e2a,CKK221  ,China,1748882524,1748882524,-122.842,38.2954,10058.4,False,250.93,139.16,0.0,,10431.78,1123,False,0,0,2025-06-02 16:42:05
ac6f2d,N900AA  ,United States,1748882524,1748882524,-121.4139,38.3278,259.08,False,31.89,280.22,-2.28,,220.98,,False,0,0,2025-06-02 16:42:05
a129b0,SKW3409 ,United States,1748882524,1748882524,-122.7329,38.3668,876.3,False,87.14,337.07,-4.23,,861.06,7774,False,0,0,2025-06-02 16:42:05
a3ef1b,UAL2356 ,United States,1748882510,1748882510,-122.3846,37.6215,,True,4.89,298.12,,,,7615,False,0,0,2025-06-02 16:42:05
a2bc12,UAL1679 ,United States,1748882524,1748882524,-122.4396,37.6877,1409.7,False,133.24,198.23,3.9,,1402.08,3234,False,0,0,2025-06-02 16:42:05
a369ee,AAL2418 ,United States,1748882524,1748882524,-122.1894,37.56,716.28,False,102.98,291.7,-4.55,,701.04,7267,False,0,0,2025-06-02 16:42:05
a76f66,UAL336  ,United States,1748882501,1748882501,-122.3905,37.6214,,True,0.77,163.12,,,,6040,False,0,1,2025-06-02 16:42:05
acbaf8,N91934  ,United States,1748882524,1748882524,-122.0844,37.6092,373.38,False,45.54,166.28,-2.6,,342.9,,False,0,0,2025-06-02 16:42:05
a2253c,N23724  ,United States,1748882219,1748882224,-122.0536,37.9822,,True,4.37,95.62,,,,,False,0,0,2025-06-02 16:42:05
a75d57,CXK1094 ,United States,1748882263,1748882263,-121.4694,38.4896,335.28,False,44.4,349.99,-0.33,,281.94,,False,0,0,2025-06-02 16:42:05
a1dcb4,UAL2603 ,United States,1748882524,1748882524,-122.3009,37.5947,297.18,False,72.43,290.37,-3.9,,274.32,2752,False,0,0,2025-06-02 16:42:05
a025ca,N1087S  ,United States,1748882522,1748882523,-121.8289,38.5147,518.16,False,64.76,218.87,1.3,,487.68,,False,0,0,2025-06-02 16:42:05
aca35d,CMD70   ,United States,1748882523,1748882523,-121.4402,38.8009,1828.8,False,118.6,341.8,0.33,,1859.28,,False,0,0,2025-06-02 16:42:05
acb636,AAL2081 ,United States,1748882524,1748882524,-121.4126,38.8823,1219.2,False,128.87,250.41,-5.2,,1219.2,,False,0,0,2025-06-02 16:42:05
add790,NKS2503 ,United States,1748882210,1748882210,-122.2167,37.711,,True,0.0,118.12,,,,1004,False,0,0,2025-06-02 16:42:05
a120a6,N172AL  ,United States,1748882524,1748882524,-122.0483,37.519,457.2,False,45.32,230.53,-1.63,,426.72,1200,False,0,0,2025-06-02 16:42:05
a3c3e0,UAL1960 ,United States,1748882524,1748882524,-122.0304,37.5086,1722.12,False,123.23,292.07,-5.85,,1737.36,3667,False,0,0,2025-06-02 16:42:05
aa019c,N744CD  ,United States,1748882520,1748882521,-121.3885,38.4798,982.98,False,73.53,162.07,-0.33,,975.36,,False,0,0,2025-06-02 16:42:05
a15739,N186CS  ,United States,1748882524,1748882524,-121.9841,38.9294,1386.84,False,56.03,346.73,0.0,,1386.84,,False,0,0,2025-06-02 16:42:05
a81f1f,QXE2274 ,United States,1748882524,1748882524,-121.9777,37.7555,5897.88,False,192.87,356.02,8.45,,6141.72,6320,False,0,0,2025-06-02 16:42:05
a513ea,SWA2737 ,United States,1748882424,1748882424,-121.6364,38.7982,609.6,False,88.12,97.04,-2.93,,624.84,2432,False,0,0,2025-06-02 16:42:05
a62248,N4947G  ,United States,1748882523,1748882524,-121.4456,37.6742,342.9,False,47.43,130.6,-0.98,,281.94,,False,0,0,2025-06-02 16:42:05
a59172,BYF19   ,United States,1748882524,1748882525,-122.2448,37.5234,426.72,False,44.78,137.33,2.93,,381.0,,False,0,0,2025-06-02 16:42:05
a9d789,N733PV  ,United States,1748882524,1748882524,-121.5654,37.9107,1158.24,False,47.63,242.33,2.28,,1143.0,1200,False,0,0,2025-06-02 16:42:05
a05ee5,N123AP  ,United States,1748882521,1748882521,-121.1563,37.9779,899.16,False,62.16,65.56,2.93,,868.68,,False,0,0,2025-06-02 16:42:05
aae004,N80FC   ,United States,1748882524,1748882525,-121.3744,37.6497,1706.88,False,67.95,122.01,-0.65,,1684.02,0370,False,0,0,2025-06-02 16:42:05
ab128d,UAL1417 ,United States,1748882524,1748882524,-122.327,37.6547,853.44,False,75.01,53.37,14.63,,830.58,3352,False,0,0,2025-06-02 16:42:05
ac8a9c,EJA907  ,United States,1748882524,1748882524,-122.4532,37.7187,3329.94,False,125.91,111.32,-5.53,,3406.14,3521,False,0,0,2025-06-02 16:42:05
a3c59d,DZR342  ,United States,1748882525,1748882525,-122.2715,37.7375,495.3,False,116.32,305.1,12.03,,487.68,6353,False,0,0,2025-06-02 16:42:05
a7dbd2,N605WM  ,United States,1748882516,1748882521,-122.2471,37.5089,,True,0.0,81.56,,,,,False,0,0,2025-06-02 16:42:05
a4e4fd,SWA2355 ,United States,1748882513,1748882523,-122.2129,37.7109,,True,0.0,59.06,,,,,False,0,0,2025-06-02 16:42:05
a3c666,N342TA  ,United States,1748882524,1748882524,-121.6586,38.1145,914.4,False,44.67,14.68,1.3,,922.02,,False,0,0,2025-06-02 16:42:05
a2b8fe,UAL1175 ,United States,1748882436,1748882524,-122.3808,37.6191,,True,11.32,118.12,,,,,False,0,0,2025-06-02 16:42:05
a54e8f,N441CJ  ,United States,1748882524,1748882524,-122.0748,37.7668,2590.8,False,109.71,318.61,0.0,,2636.52,4247,False,0,0,2025-06-02 16:42:05
a9f03a,N74AJ   ,United States,1748882354,1748882354,-121.2897,37.7619,0.0,False,13.12,115.56,-5.85,,,,False,0,0,2025-06-02 16:42:05
ac96be,AAL487  ,United States,1748882524,1748882524,-121.311,38.1352,6042.66,False,228.08,71.73,6.5,,6286.5,3335,False,0,0,2025-06-02 16:42:05
a1fbb2,HAL73   ,United States,1748882524,1748882524,-122.1132,38.3484,4442.46,False,189.98,245.86,11.05,,4602.48,,False,0,0,2025-06-02 16:42:05
a7e6cf,SKW5414 ,United States,1748882524,1748882524,-122.3062,37.506,1828.8,False,113.2,154.13,-0.33,,1851.66,4256,False,0,0,2025-06-02 16:42:05
a58bbf,N4567M  ,United States,1748882524,1748882524,-121.5292,38.2893,937.26,False,77.93,4.54,0.0,,929.64,,False,0,0,2025-06-02 16:42:05
ae2694,C6562   ,United States,1748882524,1748882524,-122.3962,37.5658,358.14,False,49.26,335.31,-0.65,,335.28,0346,False,0,13,2025-06-02 16:42:05
aa34d9,N757JG  ,United States,1748882524,1748882524,-121.2891,38.4051,396.24,False,42.12,298.44,0.33,,358.14,,False,0,0,2025-06-02 16:42:05
aa34d6,N757JD  ,United States,1748882524,1748882524,-122.1035,37.6513,144.78,False,39.13,118.25,0.65,,106.68,,False,0,0,2025-06-02 16:42:05
a31a2d,UAL2    ,United States,1748882290,1748882292,-122.3904,37.6179,,True,0.0,191.25,,,,,False,0,6,2025-06-02 16:42:05
c0501e,ACA562  ,Canada,1748882524,1748882524,-122.6114,37.8412,4244.34,False,137.66,140.0,-3.25,,4404.36,2651,False,0,0,2025-06-02 16:42:05
a68ca6,N521AA  ,United States,1748882524,1748882524,-121.9475,38.1249,5913.12,False,139.33,44.25,7.8,,6149.34,3240,False,0,0,2025-06-02 16:42:05
a288e4,UAL539  ,United States,1748882522,1748882522,-122.3784,37.6222,,True,22.12,281.25,,,,3232,False,0,0,2025-06-02 16:42:05
aa32e4,N7561X  ,United States,1748882524,1748882524,-122.0652,37.9723,243.84,False,45.8,194.97,5.85,,137.16,,False,0,0,2025-06-02 16:42:05
a2b112,UAL369  ,United States,1748882507,1748882507,-122.394,37.6199,,True,5.14,253.12,,,,3247,False,0,0,2025-06-02 16:42:05
ac1f44,EJA880  ,United States,1748882506,1748882506,-122.3824,37.6272,,True,3.86,28.12,,,,1357,False,0,0,2025-06-02 16:42:05
a2b110,UAL1385 ,United States,1748882525,1748882525,-121.828,37.5022,2331.72,False,150.88,253.36,-6.83,,2392.68,3746,False,0,0,2025-06-02 16:42:05
a9e11b,C8327   ,United States,1748882524,1748882524,-121.2162,38.8227,1303.02,False,52.39,215.41,2.28,,1303.02,,False,0,0,2025-06-02 16:42:05
a88467,QXE2079 ,United States,1748882524,1748882524,-122.1811,38.1301,3649.98,False,169.79,37.74,0.33,,3787.14,6363,False,0,0,2025-06-02 16:42:05
a81490,STT62   ,United States,1748882524,1748882524,-122.7101,38.3799,1905.0,False,86.11,148.68,-5.53,,1935.48,3120,False,0,0,2025-06-02 16:42:05
abe53c,DOW866  ,United States,1748882524,1748882524,-121.4659,38.9191,10591.8,False,225.91,65.94,9.75,,10988.04,6373,False,0,0,2025-06-02 16:42:05
a2f0f3,N289RT  ,United States,1748882522,1748882522,-122.211,37.729,,True,0.0,213.75,,,,4505,False,0,0,2025-06-02 16:42:05
76cdb9,SIA32   ,Singapore,1748882508,1748882508,-122.3917,37.6228,,True,3.86,236.25,,,,1113,False,0,0,2025-06-02 16:42:05
ac16bb,SWA2437 ,United States,1748882496,1748882518,-122.2123,37.71,,True,0.0,129.38,,,,,False,0,0,2025-06-02 16:42:05
aad96c,N79893  ,United States,1748882524,1748882524,-121.4662,38.1348,548.64,False,48.38,45.43,-0.33,,518.16,,False,0,0,2025-06-02 16:42:05
aab31a,N789MT  ,United States,1748882524,1748882524,-121.8483,38.1217,617.22,False,38.39,237.59,-1.63,,586.74,,False,0,0,2025-06-02 16:42:05
a68631,N5197F  ,United States,1748882524,1748882524,-121.634,37.8375,99.06,False,44.74,314.53,4.88,,68.58,,False,0,0,2025-06-02 16:42:05
abf67f,N870BR  ,United States,1748882524,1748882524,-121.1107,37.9586,1409.7,False,72.54,311.26,0.0,,1409.7,,False,0,0,2025-06-02 16:42:05
a98d3b,N714ZU  ,United States,1748882492,1748882492,-121.4797,38.3535,175.26,False,32.81,311.19,-2.28,,228.6,,False,0,0,2025-06-02 16:42:05
a4ffca,N421ER  ,United States,1748882518,1748882518,-121.4492,37.6934,152.4,False,40.42,312.42,3.58,,45.72,,False,0,0,2025-06-02 16:42:05
a7f33f,611JB   ,United States,1748882262,1748882262,-121.418,38.3209,167.64,False,32.0,274.61,-3.25,,152.4,,False,0,0,2025-06-02 16:42:05
a718be,N5565B  ,United States,1748882524,1748882524,-121.1957,38.943,914.4,False,61.77,77.01,-0.65,,883.92,,False,0,0,2025-06-02 16:42:05
a588c7,N456DX  ,United States,1748882524,1748882524,-122.0939,37.5947,350.52,False,48.38,178.17,-1.3,,320.04,1200,False,0,0,2025-06-02 16:42:05
a6c4f0,CXK546  ,United States,1748882303,1748882303,-121.8466,37.6771,426.72,False,46.71,172.41,-2.6,,411.48,,False,0,0,2025-06-02 16:42:05
a448f6,UAL2863 ,United States,1748882524,1748882525,-122.1977,37.5371,899.16,False,103.44,330.5,-4.55,,883.92,7773,False,0,0,2025-06-02 16:42:05
011111,N8245A  ,Egypt,1748882524,1748882524,-121.5848,37.8671,1371.6,False,55.85,211.05,0.0,,1371.6,,False,0,2,2025-06-02 16:42:05
a0a457,SKW5241 ,United States,1748882349,1748882350,-122.387,37.6211,,True,0.26,219.38,,,,1664,False,0,0,2025-06-02 16:42:05
a3f10a,N353ME  ,United States,1748882524,1748882524,-121.605,38.3798,624.84,False,48.7,31.17,0.0,,586.74,,False,0,0,2025-06-02 16:42:05
a9be77,N727KJ  ,United States,1748882524,1748882524,-121.0956,38.5369,1028.7,False,31.59,142.94,-0.33,,1036.32,,False,0,0,2025-06-02 16:42:05
a66484,N5105P  ,United States,1748882524,1748882524,-121.4632,38.3592,426.72,False,42.1,302.52,0.0,,426.72,,False,0,0,2025-06-02 16:42:05
a7f804,SKW5490 ,United States,1748882524,1748882524,-121.8475,38.9141,10363.2,False,220.61,256.51,-0.33,,10744.2,,False,0,0,2025-06-02 16:42:05
a2228b,ASA30   ,United States,1748882575,1748882575,-121.5429,38.0087,4572.0,False,198.78,63.57,10.4,,4739.64,3317,False,0,0,2025-06-02 16:42:56
a14b05,N1824G  ,United States,1748882575,1748882575,-121.2632,37.8657,2598.42,False,75.0,346.92,0.0,,2621.28,6703,False,0,0,2025-06-02 16:42:56
a23333,N2406K  ,United States,1748882575,1748882575,-122.9653,38.7189,1120.14,False,26.01,65.46,5.85,,1089.66,,False,0,0,2025-06-02 16:42:56
a8da4a,N67KK   ,United States,1748882575,1748882575,-122.1911,37.5174,243.84,False,42.79,242.82,0.0,,220.98,0342,False,0,0,2025-06-02 16:42:56
a54fb8,N441QF  ,United States,1748882574,1748882574,-121.6047,38.2728,891.54,False,50.92,18.25,0.0,,906.78,,False,0,0,2025-06-02 16:42:56
a4b074,N401BC  ,United States,1748882350,1748882353,-122.7676,38.4307,502.92,False,72.42,337.44,-3.9,,487.68,6074,False,0,0,2025-06-02 16:42:56
ada2f5,CTP978  ,United States,1748882575,1748882575,-121.6404,37.8631,4678.68,False,181.22,68.17,14.31,,4861.56,3243,False,0,0,2025-06-02 16:42:56
a868cb,N64087  ,United States,1748882571,1748882571,-122.1277,37.6636,,True,0.0,160.31,,,,,False,0,0,2025-06-02 16:42:56
a4c45a,EJA406  ,United States,1748882575,1748882575,-122.298,38.2545,2125.98,False,106.97,220.12,0.0,,2171.7,0517,False,0,0,2025-06-02 16:42:56
a749d9,CXK448  ,United States,1748882575,1748882575,-121.9312,38.5073,853.44,False,41.95,336.89,-1.63,,838.2,,False,0,0,2025-06-02 16:42:56
a41f9c,N365HP  ,United States,1748882575,1748882575,-122.2083,37.727,,True,10.29,112.5,,,,0322,False,0,0,2025-06-02 16:42:56
a96480,N704MC  ,United States,1748882571,1748882575,-122.2472,37.5106,,True,0.0,182.81,,,,,False,0,0,2025-06-02 16:42:56
a8496e,FFT4306 ,United States,1748882575,1748882575,-122.3667,37.6352,320.04,False,77.61,14.59,13.0,,281.94,1735,False,0,0,2025-06-02 16:42:56
a4a388,N3985   ,United States,1748882574,1748882574,-121.4643,38.347,1059.18,False,47.87,159.23,0.0,,1043.94,,False,0,0,2025-06-02 16:42:56
a0e5d7,SKW5394 ,United States,1748882575,1748882575,-121.0677,38.821,7010.4,False,210.26,45.4,0.0,,7277.1,4216,False,0,0,2025-06-02 16:42:56
a7f05c,N610SP  ,United States,1748882574,1748882574,-122.251,37.5123,,True,5.14,137.81,,,,,False,0,0,2025-06-02 16:42:56
a702ca,N5507T  ,United States,1748882575,1748882575,-121.4357,37.8538,518.16,False,53.5,180.0,-0.33,,472.44,,False,0,0,2025-06-02 16:42:56
a693c4,N52272  ,United States,1748882575,1748882575,-122.1362,37.6456,152.4,False,42.2,314.01,0.33,,129.54,1200,False,0,0,2025-06-02 16:42:56
781e2a,CKK221  ,China,1748882575,1748882575,-122.7481,38.2096,10058.4,False,247.3,139.22,0.0,,10424.16,1123,False,0,0,2025-06-02 16:42:56
ac6f2d,N900AA  ,United States,1748882534,1748882535,-121.4176,38.3281,228.6,False,30.57,263.23,-2.6,,198.12,,False,0,0,2025-06-02 16:42:56
a129b0,SKW3409 ,United States,1748882575,1748882575,-122.7526,38.4035,670.56,False,82.07,337.13,-4.23,,647.7,7774,False,0,0,2025-06-02 16:42:56
a3ef1b,UAL2356 ,United States,1748882560,1748882560,-122.3871,37.6225,,True,2.83,298.12,,,,7615,False,0,0,2025-06-02 16:42:56
a2bc12,UAL1679 ,United States,1748882574,1748882575,-122.4512,37.6247,2011.68,False,139.4,188.49,13.0,,2026.92,3234,False,0,0,2025-06-02 16:42:56
a369ee,AAL2418 ,United States,1748882575,1748882575,-122.2441,37.5776,487.68,False,96.2,292.31,-1.63,,464.82,7267,False,0,0,2025-06-02 16:42:56
a76f66,UAL336  ,United States,1748882501,1748882501,-122.3905,37.6214,,True,0.77,163.12,,,,6040,False,0,1,2025-06-02 16:42:56
acbaf8,N91934  ,United States,1748882575,1748882575,-122.0694,37.591,396.24,False,48.26,144.11,1.3,,358.14,,False,0,0,2025-06-02 16:42:56
a75d57,CXK1094 ,United States,1748882263,1748882263,-121.4694,38.4896,335.28,False,44.4,349.99,-0.33,,281.94,,False,0,0,2025-06-02 16:42:56
a1dcb4,UAL2603 ,United States,1748882575,1748882575,-122.3395,37.6066,114.3,False,72.62,292.93,-3.25,,83.82,2752,False,0,0,2025-06-02 16:42:56
a025ca,N1087S  ,United States,1748882573,1748882575,-121.8541,38.4933,487.68,False,66.53,219.35,0.65,,487.68,,False,0,0,2025-06-02 16:42:56
aca35d,CMD70   ,United States,1748882575,1748882575,-121.4623,38.8542,1828.8,False,121.69,342.02,0.0,,1866.9,,False,0,0,2025-06-02 16:42:56
acb636,AAL2081 ,United States,1748882575,1748882575,-121.4801,38.8635,967.74,False,120.08,250.48,-6.5,,960.12,,False,0,0,2025-06-02 16:42:56
a120a6,N172AL  ,United States,1748882575,1748882575,-122.0679,37.505,419.1,False,50.63,227.88,-1.95,,388.62,1200,False,0,0,2025-06-02 16:42:56
a3c3e0,UAL1960 ,United States,1748882575,1748882575,-122.0957,37.5298,1363.98,False,122.76,292.16,-8.78,,1363.98,3667,False,0,0,2025-06-02 16:42:56
aa019c,N744CD  ,United States,1748882574,1748882574,-121.3768,38.447,1211.58,False,66.75,166.18,-0.33,,1219.2,,False,0,0,2025-06-02 16:42:56
a15739,N186CS  ,United States,1748882573,1748882575,-121.9914,38.9532,1386.84,False,56.03,346.73,0.33,,1386.84,,False,0,0,2025-06-02 16:42:56
a81f1f,QXE2274 ,United States,1748882575,1748882575,-121.9854,37.8445,6316.98,False,196.46,356.1,8.13,,6576.06,6320,False,0,0,2025-06-02 16:42:56
a513ea,SWA2737 ,United States,1748882424,1748882424,-121.6364,38.7982,609.6,False,88.12,97.04,-2.93,,624.84,2432,False,0,0,2025-06-02 16:42:56
a62248,N4947G  ,United States,1748882575,1748882575,-121.4256,37.6683,213.36,False,37.36,38.29,-1.3,,160.02,,False,0,0,2025-06-02 16:42:56
a59172,BYF19   ,United States,1748882575,1748882575,-122.2267,37.5076,548.64,False,48.45,138.01,-0.65,,510.54,,False,0,0,2025-06-02 16:42:56
a9d789,N733PV  ,United States,1748882575,1748882575,-121.5897,37.9002,1280.16,False,45.18,239.93,3.25,,1280.16,1200,False,0,0,2025-06-02 16:42:56
a05ee5,N123AP  ,United States,1748882575,1748882575,-121.12,37.9872,1074.42,False,63.06,64.9,2.6,,1051.56,,False,0,0,2025-06-02 16:42:56
aae004,N80FC   ,United States,1748882575,1748882575,-121.3413,37.6333,1706.88,False,66.88,120.51,0.0,,1684.02,0370,False,0,0,2025-06-02 16:42:56
ab128d,UAL1417 ,United States,1748882575,1748882575,-122.3107,37.6883,1257.3,False,98.88,10.49,5.85,,1249.68,3352,False,0,0,2025-06-02 16:42:56
ac8a9c,EJA907  ,United States,1748882575,1748882575,-122.3863,37.6975,2842.26,False,123.15,112.6,-10.4,,2887.98,3521,False,0,0,2025-06-02 16:42:56
a3c59d,DZR342  ,United States,1748882575,1748882576,-122.3239,37.7714,1264.92,False,118.96,337.09,14.63,,1272.54,6353,False,0,0,2025-06-02 16:42:56
a7dbd2,N605WM  ,United States,1748882551,1748882556,-122.2471,37.5089,,True,0.0,81.56,,,,,False,0,0,2025-06-02 16:42:56
a4e4fd,SWA2355 ,United States,1748882574,1748882574,-122.2129,37.7109,,True,0.0,59.06,,,,,False,0,0,2025-06-02 16:42:56
a3c666,N342TA  ,United States,1748882575,1748882575,-121.6513,38.1345,944.88,False,46.66,14.04,-3.58,,929.64,,False,0,0,2025-06-02 16:42:56
a2b8fe,UAL1175 ,United States,1748882436,1748882572,-122.3808,37.6191,,True,10.8,118.12,,,,,False,0,0,2025-06-02 16:42:56
a54e8f,N441CJ  ,United States,1748882575,1748882575,-122.1187,37.8065,2583.18,False,120.08,319.69,0.0,,2621.28,4247,False,0,0,2025-06-02 16:42:56
a9f03a,N74AJ   ,United States,1748882354,1748882354,-121.2897,37.7619,0.0,False,13.12,115.56,-5.85,,,,False,0,0,2025-06-02 16:42:56
ac96be,AAL487  ,United States,1748882575,1748882575,-121.1842,38.1679,6362.7,False,231.01,71.97,5.53,,6629.4,3335,False,0,0,2025-06-02 16:42:56
a1fbb2,HAL73   ,United States,1748882575,1748882575,-122.2162,38.3123,4922.52,False,196.15,245.52,9.1,,5120.64,,False,0,0,2025-06-02 16:42:56
a58bbf,N4567M  ,United States,1748882575,1748882575,-121.5184,38.3242,937.26,False,77.69,11.46,0.0,,929.64,,False,0,0,2025-06-02 16:42:56
ae2694,C6562   ,United States,1748882575,1748882575,-122.4017,37.5879,327.66,False,50.12,354.7,-0.65,,304.8,0346,False,0,13,2025-06-02 16:42:56
aa34d9,N757JG  ,United States,1748882575,1748882575,-121.3115,38.4132,365.76,False,43.18,291.67,-0.33,,358.14,,False,0,0,2025-06-02 16:42:56
aa34d6,N757JD  ,United States,1748882575,1748882575,-122.0843,37.6617,289.56,False,44.14,40.75,1.3,,251.46,,False,0,0,2025-06-02 16:42:56
a31a2d,UAL2    ,United States,1748882290,1748882292,-122.3904,37.6179,,True,0.0,191.25,,,,,False,0,6,2025-06-02 16:42:56
c0501e,ACA562  ,Canada,1748882575,1748882575,-122.5618,37.7941,3939.54,False,129.24,139.84,-6.18,,4084.32,2651,False,0,0,2025-06-02 16:42:56
a68ca6,N521AA  ,United States,1748882575,1748882575,-121.8907,38.1721,6339.84,False,144.38,38.05,7.8,,6591.3,3240,False,0,0,2025-06-02 16:42:56
a288e4,UAL539  ,United States,1748882556,1748882556,-122.3824,37.6212,,True,6.43,208.12,,,,3232,False,0,0,2025-06-02 16:42:56
aa32e4,N7561X  ,United States,1748882575,1748882575,-122.0859,37.9713,396.24,False,58.59,339.97,-1.95,,327.66,,False,0,0,2025-06-02 16:42:56
a2b112,UAL369  ,United States,1748882568,1748882568,-122.3963,37.6201,,True,3.34,36.56,,,,3247,False,0,0,2025-06-02 16:42:56
ac1f44,EJA880  ,United States,1748882551,1748882551,-122.3829,37.6277,,True,0.06,298.12,,,,1357,False,0,0,2025-06-02 16:42:56
a9e11b,C8327   ,United States,1748882575,1748882575,-121.2345,38.8026,1371.6,False,55.98,216.03,0.33,,1379.22,,False,0,0,2025-06-02 16:42:56
a88467,QXE2079 ,United States,1748882575,1748882575,-122.1208,38.192,4015.74,False,172.14,37.35,11.05,,4175.76,6363,False,0,0,2025-06-02 16:42:56
a81490,STT62   ,United States,1748882575,1748882575,-122.6857,38.3484,1630.68,False,76.23,148.24,-5.2,,1645.92,3120,False,0,0,2025-06-02 16:42:56
abe53c,DOW866  ,United States,1748882575,1748882575,-121.3424,38.9621,10668.0,False,231.92,66.05,0.33,,11056.62,6373,False,0,0,2025-06-02 16:42:56
a2f0f3,N289RT  ,United States,1748882569,1748882573,-122.211,37.729,,True,0.0,213.75,,,,4505,False,0,0,2025-06-02 16:42:56
76cdb9,SIA32   ,Singapore,1748882568,1748882568,-122.3932,37.6206,,True,5.14,208.12,,,,1113,False,0,0,2025-06-02 16:42:56
ac16bb,SWA2437 ,United States,1748882571,1748882571,-122.2123,37.71,,True,0.0,129.38,,,,,False,0,0,2025-06-02 16:42:56
aad96c,N79893  ,United States,1748882575,1748882575,-121.4451,38.1485,579.12,False,46.52,57.19,-0.65,,525.78,,False,0,0,2025-06-02 16:42:56
aab31a,N789MT  ,United States,1748882575,1748882575,-121.8672,38.1075,632.46,False,59.73,190.92,-0.33,,601.98,,False,0,0,2025-06-02 16:42:56
a68631,N5197F  ,United States,1748882575,1748882575,-121.6326,37.8528,297.18,False,47.85,89.38,2.28,,266.7,,False,0,0,2025-06-02 16:42:56
abf67f,N870BR  ,United States,1748882575,1748882575,-121.142,37.9805,1409.7,False,71.2,310.02,0.65,,1409.7,,False,0,0,2025-06-02 16:42:56
a98d3b,N714ZU  ,United States,1748882572,1748882573,-121.4729,38.3369,236.22,False,41.24,33.29,2.6,,182.88,,False,0,0,2025-06-02 16:42:56
a4ffca,N421ER  ,United States,1748882561,1748882573,-121.4547,37.7054,335.28,False,40.9,83.5,3.58,,320.04,,False,0,0,2025-06-02 16:42:56
a7f33f,611JB   ,United States,1748882262,1748882262,-121.418,38.3209,167.64,False,32.0,274.61,-3.25,,152.4,,False,0,0,2025-06-02 16:42:56
a718be,N5565B  ,United States,1748882572,1748882574,-121.1635,38.9477,845.82,False,60.72,88.54,-3.9,,815.34,,False,0,0,2025-06-02 16:42:56
a588c7,N456DX  ,United States,1748882575,1748882576,-122.0952,37.5732,365.76,False,45.76,188.4,0.0,,335.28,1200,False,0,0,2025-06-02 16:42:56
a6c4f0,CXK546  ,United States,1748882303,1748882303,-121.8466,37.6771,426.72,False,46.71,172.41,-2.6,,411.48,,False,0,0,2025-06-02 16:42:56
a448f6,UAL2863 ,United States,1748882575,1748882576,-122.2427,37.5631,640.08,False,100.88,299.31,-5.2,,617.22,7773,False,0,0,2025-06-02 16:42:56
011111,N8245A  ,Egypt,1748882575,1748882575,-121.6004,37.8447,1371.6,False,55.45,205.85,0.33,,1371.6,,False,0,2,2025-06-02 16:42:56
a0a457,SKW5241 ,United States,1748882349,1748882350,-122.387,37.6211,,True,0.26,219.38,,,,1664,False,0,0,2025-06-02 16:42:56
a3f10a,N353ME  ,United States,1748882575,1748882575,-121.5896,38.3988,594.36,False,48.61,39.42,-1.63,,556.26,,False,0,0,2025-06-02 16:42:56
a9be77,N727KJ  ,United States,1748882575,1748882575,-121.0821,38.5272,1028.7,False,30.92,134.33,-0.33,,1043.94,,False,0,0,2025-06-02 16:42:56
a66484,N5105P  ,United States,1748882575,1748882575,-121.4842,38.3698,457.2,False,42.88,300.26,2.6,,457.2,,False,0,0,2025-06-02 16:42:56
a7f804,SKW5490 ,United States,1748882575,1748882575,-121.9767,38.8989,10210.8,False,221.25,262.11,-5.2,,10584.18,7072,False,0,0,2025-06-02 16:42:56
a2228b,ASA30   ,United States,1748882587,1748882587,-121.5177,38.0186,4693.92,False,200.39,63.63,10.08,,4861.56,3317,False,0,0,2025-06-02 16:43:08
a14b05,N1824G  ,United States,1748882587,1748882587,-121.2656,37.8738,2598.42,False,75.12,346.53,0.0,,2621.28,6703,False,0,0,2025-06-02 16:43:08
a23333,N2406K  ,United States,1748882587,1748882587,-122.9636,38.7206,1165.86,False,19.72,7.5,2.28,,1143.0,,False,0,0,2025-06-02 16:43:08
a8da4a,N67KK   ,United States,1748882587,1748882587,-122.1957,37.5154,243.84,False,35.89,242.7,-0.65,,213.36,0342,False,0,0,2025-06-02 16:43:08
a54fb8,N441QF  ,United States,1748882586,1748882587,-121.6026,38.2779,899.16,False,50.11,19.18,0.65,,914.4,,False,0,0,2025-06-02 16:43:08
a4b074,N401BC  ,United States,1748882350,1748882353,-122.7676,38.4307,502.92,False,72.42,337.44,-3.9,,487.68,6074,False,0,0,2025-06-02 16:43:08
ada2f5,CTP978  ,United States,1748882587,1748882587,-121.6172,37.8705,4853.94,False,182.84,68.2,15.61,,5044.44,3243,False,0,0,2025-06-02 16:43:08
a868cb,N64087  ,United States,1748882584,1748882585,-122.1277,37.6636,,True,0.0,160.31,,,,,False,0,0,2025-06-02 16:43:08
a4c45a,EJA406  ,United States,1748882587,1748882587,-122.3075,38.2456,2125.98,False,108.42,220.19,0.0,,2171.7,0517,False,0,0,2025-06-02 16:43:08
a749d9,CXK448  ,United States,1748882587,1748882587,-121.9328,38.5114,853.44,False,40.46,348.26,0.0,,830.58,,False,0,0,2025-06-02 16:43:08
a41f9c,N365HP  ,United States,1748882587,1748882587,-122.2069,37.7266,,True,10.29,112.5,,,,0322,False,0,0,2025-06-02 16:43:08
a96480,N704MC  ,United States,1748882580,1748882585,-122.2472,37.5106,,True,0.0,182.81,,,,,False,0,0,2025-06-02 16:43:08
a8496e,FFT4306 ,United States,1748882587,1748882587,-122.3657,37.644,457.2,False,82.54,4.29,10.08,,419.1,1735,False,0,0,2025-06-02 16:43:08
a4a388,N3985   ,United States,1748882587,1748882587,-121.4621,38.3421,1066.8,False,46.37,162.57,0.65,,1051.56,,False,0,0,2025-06-02 16:43:08
a0e5d7,SKW5394 ,United States,1748882587,1748882587,-121.0459,38.8379,7010.4,False,210.62,45.3,0.0,,7277.1,4216,False,0,0,2025-06-02 16:43:08
a7f05c,N610SP  ,United States,1748882584,1748882584,-122.2506,37.512,,True,3.6,137.81,,,,,False,0,0,2025-06-02 16:43:08
a702ca,N5507T  ,United States,1748882587,1748882587,-121.4356,37.8479,518.16,False,51.7,174.29,4.55,,480.06,,False,0,0,2025-06-02 16:43:08
a693c4,N52272  ,United States,1748882587,1748882587,-122.1403,37.6487,152.4,False,40.02,313.96,1.3,,144.78,1200,False,0,0,2025-06-02 16:43:08
781e2a,CKK221  ,China,1748882587,1748882587,-122.7258,38.1892,10058.4,False,247.3,139.22,0.0,,10424.16,1123,False,0,0,2025-06-02 16:43:08
ac6f2d,N900AA  ,United States,1748882534,1748882535,-121.4176,38.3281,228.6,False,30.57,263.23,-2.6,,198.12,,False,0,0,2025-06-02 16:43:08
a129b0,SKW3409 ,United States,1748882587,1748882587,-122.757,38.4114,617.22,False,82.01,336.33,-4.23,,594.36,7774,False,0,0,2025-06-02 16:43:08
a3ef1b,UAL2356 ,United States,1748882560,1748882560,-122.3871,37.6225,,True,2.83,298.12,,,,7615,False,0,0,2025-06-02 16:43:08
a2bc12,UAL1679 ,United States,1748882587,1748882587,-122.454,37.6095,2156.46,False,140.85,188.19,12.68,,2179.32,3234,False,0,0,2025-06-02 16:43:08
a369ee,AAL2418 ,United States,1748882587,1748882587,-122.2558,37.5814,480.06,False,87.89,292.36,0.65,,457.2,7267,False,0,0,2025-06-02 16:43:08
a76f66,UAL336  ,United States,1748882501,1748882501,-122.3905,37.6214,,True,0.77,163.12,,,,6040,False,0,1,2025-06-02 16:43:08
acbaf8,N91934  ,United States,1748882587,1748882587,-122.0663,37.5866,403.86,False,46.34,157.14,0.33,,373.38,,False,0,0,2025-06-02 16:43:08
a1dcb4,UAL2603 ,United States,1748882587,1748882587,-122.3485,37.6099,68.58,False,72.7,296.02,-3.9,,45.72,2752,False,0,0,2025-06-02 16:43:08
a025ca,N1087S  ,United States,1748882587,1748882587,-121.8615,38.4864,518.16,False,65.54,222.46,0.0,,495.3,,False,0,0,2025-06-02 16:43:08
aca35d,CMD70   ,United States,1748882587,1748882587,-121.4675,38.8667,1828.8,False,122.34,341.87,0.0,,1866.9,,False,0,0,2025-06-02 16:43:08
acb636,AAL2081 ,United States,1748882587,1748882587,-121.4965,38.859,906.78,False,118.45,250.46,-4.55,,891.54,,False,0,0,2025-06-02 16:43:08
a120a6,N172AL  ,United States,1748882587,1748882587,-122.0731,37.5012,396.24,False,51.32,227.03,-1.95,,365.76,1200,False,0,0,2025-06-02 16:43:08
a3c3e0,UAL1960 ,United States,1748882587,1748882587,-122.1117,37.5349,1249.68,False,121.42,291.89,-9.1,,1257.3,3667,False,0,0,2025-06-02 16:43:08
aa019c,N744CD  ,United States,1748882586,1748882587,-121.3744,38.44,1257.3,False,66.25,166.07,-0.33,,1264.92,,False,0,0,2025-06-02 16:43:08
a15739,N186CS  ,United States,1748882587,1748882587,-121.9936,38.9604,1386.84,False,56.03,346.73,0.0,,1386.84,,False,0,0,2025-06-02 16:43:08
a81f1f,QXE2274 ,United States,1748882587,1748882587,-121.9872,37.8657,6416.04,False,197.01,355.96,8.13,,6682.74,6320,False,0,0,2025-06-02 16:43:08
a513ea,SWA2737 ,United States,1748882424,1748882424,-121.6364,38.7982,609.6,False,88.12,97.04,-2.93,,624.84,2432,False,0,0,2025-06-02 16:43:08
a62248,N4947G  ,United States,1748882587,1748882587,-121.423,37.6719,205.74,False,39.87,17.27,0.33,,152.4,,False,0,0,2025-06-02 16:43:08
a59172,BYF19   ,United States,1748882587,1748882588,-122.222,37.5036,548.64,False,48.39,136.29,0.65,,510.54,,False,0,0,2025-06-02 16:43:08
a9d789,N733PV  ,United States,1748882587,1748882587,-121.5948,37.8978,1310.64,False,44.95,236.67,1.95,,1318.26,1200,False,0,0,2025-06-02 16:43:08
a9e9a7,,United States,1748882587,1748882587,-121.521,38.4958,335.28,False,38.59,269.24,5.2,,312.42,,False,0,0,2025-06-02 16:43:08
a05ee5,N123AP  ,United States,1748882585,1748882587,-121.1137,37.9899,1097.28,False,63.82,69.23,3.58,,1074.42,,False,0,0,2025-06-02 16:43:08
aae004,N80FC   ,United States,1748882587,1748882587,-121.3335,37.6297,1706.88,False,66.81,119.53,0.0,,1684.02,0370,False,0,0,2025-06-02 16:43:08
ab128d,UAL1417 ,United States,1748882587,1748882587,-122.308,37.6995,1333.5,False,108.27,10.4,6.5,,1325.88,3352,False,0,0,2025-06-02 16:43:08
ac8a9c,EJA907  ,United States,1748882587,1748882587,-122.3703,37.6923,2720.34,False,122.09,112.03,-10.4,,2766.06,3521,False,0,0,2025-06-02 16:43:08
a3c59d,DZR342  ,United States,1748882587,1748882588,-122.3277,37.7838,1440.18,False,119.84,354.83,14.63,,1455.42,6353,False,0,0,2025-06-02 16:43:08
a7dbd2,N605WM  ,United States,1748882585,1748882586,-122.2471,37.5089,,True,0.0,81.56,,,,,False,0,0,2025-06-02 16:43:08
a4e4fd,SWA2355 ,United States,1748882574,1748882586,-122.2129,37.7109,,True,0.0,59.06,,,,,False,0,0,2025-06-02 16:43:08
a3c666,N342TA  ,United States,1748882587,1748882587,-121.6494,38.1395,914.4,False,47.21,16.46,-0.65,,914.4,,False,0,0,2025-06-02 16:43:08
a2b8fe,UAL1175 ,United States,1748882436,1748882579,-122.3808,37.6191,,True,10.8,118.12,,,,,False,0,0,2025-06-02 16:43:08
a54e8f,N441CJ  ,United States,1748882587,1748882587,-122.1293,37.8162,2583.18,False,121.37,318.61,0.0,,2621.28,4247,False,0,0,2025-06-02 16:43:08
a9f03a,N74AJ   ,United States,1748882354,1748882354,-121.2897,37.7619,0.0,False,13.12,115.56,-5.85,,,,False,0,0,2025-06-02 16:43:08
ac96be,AAL487  ,United States,1748882587,1748882587,-121.1549,38.1753,6423.66,False,231.99,72.05,5.53,,6690.36,3335,False,0,0,2025-06-02 16:43:08
a1fbb2,HAL73   ,United States,1748882587,1748882587,-122.2407,38.3034,5036.82,False,196.79,245.11,9.75,,5234.94,,False,0,0,2025-06-02 16:43:08
a58bbf,N4567M  ,United States,1748882587,1748882587,-121.5167,38.3327,937.26,False,78.87,7.5,-0.33,,929.64,,False,0,0,2025-06-02 16:43:08
ae2694,C6562   ,United States,1748882586,1748882587,-122.4023,37.593,312.42,False,50.17,354.11,-0.33,,289.56,0346,False,0,13,2025-06-02 16:43:08
aa34d9,N757JG  ,United States,1748882587,1748882587,-121.3168,38.4151,396.24,False,42.83,294.1,1.3,,365.76,,False,0,0,2025-06-02 16:43:08
aa34d6,N757JD  ,United States,1748882587,1748882587,-122.0803,37.6652,327.66,False,44.05,42.63,3.58,,289.56,,False,0,0,2025-06-02 16:43:08
a31a2d,UAL2    ,United States,1748882290,1748882292,-122.3904,37.6179,,True,0.0,191.25,,,,,False,0,6,2025-06-02 16:43:08
c0501e,ACA562  ,Canada,1748882587,1748882587,-122.5506,37.7836,3863.34,False,127.79,139.9,-7.15,,4008.12,2651,False,0,0,2025-06-02 16:43:08
a68ca6,N521AA  ,United States,1748882587,1748882587,-121.8789,38.1845,6446.52,False,144.35,37.03,9.1,,6713.22,3240,False,0,0,2025-06-02 16:43:08
a6ca7f,,United States,1748882586,1748882587,-122.3733,37.618,0.0,False,80.31,27.88,0.65,,-22.86,,False,0,0,2025-06-02 16:43:08
a288e4,UAL539  ,United States,1748882556,1748882556,-122.3824,37.6212,,True,6.43,208.12,,,,3232,False,0,0,2025-06-02 16:43:08
aa32e4,N7561X  ,United States,1748882587,1748882587,-122.085,37.9777,396.24,False,60.76,21.35,0.98,,335.28,,False,0,0,2025-06-02 16:43:08
a2b112,UAL369  ,United States,1748882568,1748882568,-122.3963,37.6201,,True,3.34,36.56,,,,3247,False,0,0,2025-06-02 16:43:08
ac1f44,EJA880  ,United States,1748882551,1748882551,-122.3829,37.6277,,True,0.06,298.12,,,,1357,False,0,0,2025-06-02 16:43:08
a9e11b,C8327   ,United States,1748882587,1748882587,-121.239,38.7978,1379.22,False,56.7,216.14,0.0,,1379.22,,False,0,0,2025-06-02 16:43:08
a88467,QXE2079 ,United States,1748882587,1748882587,-122.106,38.2072,4160.52,False,172.04,37.59,11.38,,4320.54,6363,False,0,0,2025-06-02 16:43:08
a81490,STT62   ,United States,1748882587,1748882587,-122.6804,38.3415,1569.72,False,74.82,148.5,-4.88,,1584.96,3120,False,0,0,2025-06-02 16:43:08
abe53c,DOW866  ,United States,1748882587,1748882587,-121.3139,38.972,10668.0,False,232.39,66.1,0.33,,11064.24,6373,False,0,0,2025-06-02 16:43:08
a2f0f3,N289RT  ,United States,1748882582,1748882587,-122.211,37.729,,True,0.0,213.75,,,,4505,False,0,0,2025-06-02 16:43:08
76cdb9,SIA32   ,Singapore,1748882582,1748882582,-122.3932,37.6201,,True,3.86,174.38,,,,1113,False,0,0,2025-06-02 16:43:08
ac16bb,SWA2437 ,United States,1748882586,1748882586,-122.2123,37.71,,True,0.0,129.38,,,,,False,0,0,2025-06-02 16:43:08
aad96c,N79893  ,United States,1748882587,1748882587,-121.4395,38.1512,579.12,False,47.29,59.25,0.65,,525.78,,False,0,0,2025-06-02 16:43:08
aab31a,N789MT  ,United States,1748882587,1748882587,-121.869,38.101,624.84,False,58.89,194.16,-0.33,,594.36,,False,0,0,2025-06-02 16:43:08
a68631,N5197F  ,United States,1748882587,1748882587,-121.6267,37.8509,335.28,False,49.59,126.99,2.28,,297.18,,False,0,0,2025-06-02 16:43:08
abf67f,N870BR  ,United States,1748882587,1748882587,-121.1498,37.9856,1409.7,False,71.34,308.85,-0.33,,1409.7,,False,0,0,2025-06-02 16:43:08
a98d3b,N714ZU  ,United States,1748882587,1748882587,-121.4703,38.3421,289.56,False,43.55,14.36,4.23,,220.98,,False,0,0,2025-06-02 16:43:08
a4ffca,N421ER  ,United States,1748882561,1748882573,-121.4547,37.7054,335.28,False,40.9,83.5,3.58,,320.04,,False,0,0,2025-06-02 16:43:08
a718be,N5565B  ,United States,1748882585,1748882585,-121.153,38.9483,784.86,False,62.42,81.47,-4.88,,746.76,,False,0,0,2025-06-02 16:43:08
a588c7,N456DX  ,United States,1748882587,1748882587,-122.0959,37.5684,373.38,False,45.89,183.86,0.33,,342.9,1200,False,0,0,2025-06-02 16:43:08
a6c4f0,CXK546  ,United States,1748882303,1748882303,-121.8466,37.6771,426.72,False,46.71,172.41,-2.6,,411.48,,False,0,0,2025-06-02 16:43:08
a448f6,UAL2863 ,United States,1748882588,1748882588,-122.2552,37.5687,563.88,False,101.29,298.52,-5.2,,541.02,7773,False,0,0,2025-06-02 16:43:08
011111,N8245A  ,Egypt,1748882587,1748882587,-121.6036,37.8392,1386.84,False,53.7,203.13,0.65,,1394.46,,False,0,2,2025-06-02 16:43:08
a0a457,SKW5241 ,United States,1748882349,1748882350,-122.387,37.6211,,True,0.26,219.38,,,,1664,False,0,0,2025-06-02 16:43:08
a3f10a,N353ME  ,United States,1748882587,1748882587,-121.5856,38.4026,571.5,False,47.82,40.2,-1.95,,533.4,,False,0,0,2025-06-02 16:43:08
a9be77,N727KJ  ,United States,1748882587,1748882587,-121.0792,38.5247,1036.32,False,30.59,137.73,0.98,,1051.56,,False,0,0,2025-06-02 16:43:08
a66484,N5105P  ,United States,1748882587,1748882587,-121.4892,38.3721,518.16,False,42.44,300.61,2.6,,464.82,,False,0,0,2025-06-02 16:43:08
a7f804,SKW5490 ,United States,1748882587,1748882587,-122.0064,38.8957,10149.84,False,221.18,262.25,-5.2,,10523.22,7072,False,0,0,2025-06-02 16:43:08
a2228b,ASA30   ,United States,1748882635,1748882635,-121.4189,38.0571,5189.22,False,203.61,63.76,8.45,,5387.34,3317,False,0,0,2025-06-02 16:43:56
a14b05,N1824G  ,United States,1748882635,1748882635,-121.275,37.9052,2598.42,False,74.12,346.35,0.0,,2621.28,6703,False,0,0,2025-06-02 16:43:56
a23333,N2406K  ,United States,1748882635,1748882635,-122.9755,38.7346,1188.72,False,45.8,321.84,0.98,,1165.86,,False,0,0,2025-06-02 16:43:56
a8da4a,N67KK   ,United States,1748882635,1748882635,-122.2116,37.5054,213.36,False,38.21,223.36,-1.3,,182.88,0342,False,0,0,2025-06-02 16:43:56
a54fb8,N441QF  ,United States,1748882635,1748882635,-121.5931,38.2996,883.92,False,51.59,16.81,-0.33,,899.16,,False,0,0,2025-06-02 16:43:56
a4b074,N401BC  ,United States,1748882350,1748882353,-122.7676,38.4307,502.92,False,72.42,337.44,-3.9,,487.68,6074,False,0,0,2025-06-02 16:43:56
ada2f5,CTP978  ,United States,1748882635,1748882635,-121.5238,37.9002,5554.98,False,189.44,67.82,15.28,,5775.96,3243,False,0,0,2025-06-02 16:43:56
a868cb,N64087  ,United States,1748882625,1748882629,-122.1277,37.6636,,True,0.0,160.31,,,,,False,0,0,2025-06-02 16:43:56
a4c45a,EJA406  ,United States,1748882634,1748882635,-122.3443,38.2112,2042.16,False,105.13,220.24,-5.85,,2080.26,0517,False,0,0,2025-06-02 16:43:56
a749d9,CXK448  ,United States,1748882634,1748882635,-121.9335,38.5272,762.0,False,36.58,3.22,-2.6,,739.14,,False,0,0,2025-06-02 16:43:56
a96480,N704MC  ,United States,1748882635,1748882635,-122.2472,37.5106,,True,0.0,182.81,,,,,False,0,0,2025-06-02 16:43:56
a8496e,FFT4306 ,United States,1748882635,1748882635,-122.3617,37.6846,975.36,False,108.43,4.9,13.98,,960.12,1735,False,0,0,2025-06-02 16:43:56
a4a388,N3985   ,United States,1748882635,1748882635,-121.4535,38.3241,1074.42,False,45.4,160.13,-0.65,,1059.18,,False,0,0,2025-06-02 16:43:56
a702ca,N5507T  ,United States,1748882635,1748882635,-121.4154,37.8517,731.52,False,46.71,53.51,4.55,,716.28,,False,0,0,2025-06-02 16:43:56
a693c4,N52272  ,United States,1748882635,1748882635,-122.1392,37.6622,91.44,False,37.51,47.78,-2.28,,83.82,1200,False,0,0,2025-06-02 16:43:56
781e2a,CKK221  ,China,1748882635,1748882635,-122.6369,38.1078,10058.4,False,247.69,139.3,0.0,,10424.16,1123,False,0,0,2025-06-02 16:43:56
ac6f2d,N900AA  ,United States,1748882534,1748882535,-121.4176,38.3281,228.6,False,30.57,263.23,-2.6,,198.12,,False,0,0,2025-06-02 16:43:56
a129b0,SKW3409 ,United States,1748882631,1748882631,-122.7723,38.4399,434.34,False,67.83,337.71,-3.9,,426.72,7774,False,0,0,2025-06-02 16:43:56
a3ef1b,UAL2356 ,United States,1748882560,1748882560,-122.3871,37.6225,,True,2.83,298.12,,,,7615,False,0,0,2025-06-02 16:43:56
a2bc12,UAL1679 ,United States,1748882634,1748882635,-122.4645,37.5488,2727.96,False,144.79,187.55,9.75,,2788.92,3234,False,0,0,2025-06-02 16:43:56
a369ee,AAL2418 ,United States,1748882635,1748882635,-122.2975,37.5936,320.04,False,78.64,290.69,-4.23,,297.18,7267,False,0,0,2025-06-02 16:43:56
a76f66,UAL336  ,United States,1748882501,1748882501,-122.3905,37.6214,,True,0.77,163.12,,,,6040,False,0,1,2025-06-02 16:43:56
acbaf8,N91934  ,United States,1748882634,1748882635,-122.0674,37.566,373.38,False,51.08,207.6,-0.33,,335.28,,False,0,0,2025-06-02 16:43:56
a1dcb4,UAL2603 ,United States,1748882635,1748882635,-122.3784,37.6225,,True,36.01,298.12,,,,2752,False,0,0,2025-06-02 16:43:56
a025ca,N1087S  ,United States,1748882635,1748882635,-121.8828,38.4644,518.16,False,65.78,213.19,-0.65,,518.16,,False,0,0,2025-06-02 16:43:56
aca35d,CMD70   ,United States,1748882635,1748882635,-121.4886,38.9171,1828.8,False,123.32,342.02,0.0,,1866.9,,False,0,0,2025-06-02 16:43:56
acb636,AAL2081 ,United States,1748882630,1748882631,-121.5495,38.8442,701.04,False,111.29,250.56,-5.2,,716.28,,False,0,0,2025-06-02 16:43:56
a3c3e0,UAL1960 ,United States,1748882635,1748882635,-122.1715,37.5543,838.2,False,116.94,292.5,-9.1,,815.34,3667,False,0,0,2025-06-02 16:43:56
aa019c,N744CD  ,United States,1748882635,1748882635,-121.3655,38.4123,1455.42,False,64.39,165.19,-0.33,,1463.04,,False,0,0,2025-06-02 16:43:56
a15739,N186CS  ,United States,1748882635,1748882635,-122.0005,38.9835,1386.84,False,56.53,346.85,0.0,,1386.84,,False,0,0,2025-06-02 16:43:56
a81f1f,QXE2274 ,United States,1748882635,1748882635,-121.9945,37.9509,6812.28,False,199.54,356.16,8.13,,7094.22,6320,False,0,0,2025-06-02 16:43:56
a513ea,SWA2737 ,United States,1748882424,1748882424,-121.6364,38.7982,609.6,False,88.12,97.04,-2.93,,624.84,2432,False,0,0,2025-06-02 16:43:56
ad97a7,EJA975  ,United States,1748882635,1748882636,-122.2071,37.5296,701.04,False,108.95,320.75,-5.2,,662.94,1041,False,0,0,2025-06-02 16:43:56
a62248,N4947G  ,United States,1748882635,1748882635,-121.435,37.6834,99.06,False,33.88,311.92,-2.6,,45.72,,False,0,0,2025-06-02 16:43:56
a9d789,N733PV  ,United States,1748882635,1748882635,-121.617,37.8869,1371.6,False,51.31,244.46,0.33,,1371.6,1200,False,0,0,2025-06-02 16:43:56
a9e9a7,N738KC  ,United States,1748882635,1748882635,-121.5433,38.496,495.3,False,40.8,275.06,3.25,,472.44,,False,0,0,2025-06-02 16:43:56
a05ee5,N123AP  ,United States,1748882633,1748882635,-121.0818,37.9853,1249.68,False,60.29,115.25,1.95,,1226.82,,False,0,0,2025-06-02 16:43:56
aae004,N80FC   ,United States,1748882635,1748882636,-121.3025,37.6155,1706.88,False,66.17,120.35,0.0,,1684.02,0370,False,0,0,2025-06-02 16:43:56
ab128d,UAL1417 ,United States,1748882635,1748882635,-122.31,37.7554,1752.6,False,148.04,341.57,17.56,,1752.6,3352,False,0,0,2025-06-02 16:43:56
ac8a9c,EJA907  ,United States,1748882635,1748882635,-122.3114,37.6737,2339.34,False,112.92,111.66,-7.48,,2362.2,3521,False,0,0,2025-06-02 16:43:56
a3c59d,DZR342  ,United States,1748882636,1748882636,-122.2931,37.8252,2125.98,False,125.1,66.49,15.61,,2179.32,6353,False,0,0,2025-06-02 16:43:56
a7dbd2,N605WM  ,United States,1748882585,1748882586,-122.2471,37.5089,,True,0.0,81.56,,,,,False,0,0,2025-06-02 16:43:56
a4e4fd,SWA2355 ,United States,1748882613,1748882634,-122.2129,37.7109,,True,0.0,59.06,,,,,False,0,0,2025-06-02 16:43:56
a3c666,N342TA  ,United States,1748882635,1748882635,-121.6561,38.1577,822.96,False,47.24,321.63,-4.55,,807.72,,False,0,0,2025-06-02 16:43:56
a2b8fe,UAL1175 ,United States,1748882436,1748882635,-122.3808,37.6191,,True,5.14,118.12,,,,,False,0,0,2025-06-02 16:43:56
a54e8f,N441CJ  ,United States,1748882635,1748882635,-122.1738,37.8565,2583.18,False,124.04,319.37,0.0,,2621.28,4247,False,0,0,2025-06-02 16:43:56
a9f03a,N74AJ   ,United States,1748882354,1748882354,-121.2897,37.7619,0.0,False,13.12,115.56,-5.85,,,,False,0,0,2025-06-02 16:43:56
ac96be,AAL487  ,United States,1748882635,1748882635,-121.0321,38.2055,6697.98,False,234.33,75.51,5.2,,6979.92,3335,False,0,0,2025-06-02 16:43:56
a1fbb2,HAL73   ,United States,1748882635,1748882635,-122.3388,38.2672,5494.02,False,200.29,246.86,8.45,,5707.38,,False,0,0,2025-06-02 16:43:56
a58bbf,N4567M  ,United States,1748882635,1748882635,-121.5126,38.3663,876.3,False,79.19,6.34,-1.95,,868.68,,False,0,0,2025-06-02 16:43:56
ae2694,C6562   ,United States,1748882634,1748882635,-122.4036,37.6136,198.12,False,45.28,358.7,-3.25,,175.26,0346,False,0,13,2025-06-02 16:43:56
aa34d9,N757JG  ,United States,1748882634,1748882635,-121.3381,38.4234,396.24,False,44.42,298.35,0.33,,373.38,,False,0,0,2025-06-02 16:43:56
aa34d6,N757JD  ,United States,1748882635,1748882635,-122.0649,37.6803,449.58,False,46.04,39.56,2.28,,403.86,1200,False,0,0,2025-06-02 16:43:56
c0501e,ACA562  ,Canada,1748882635,1748882635,-122.5062,37.7419,3520.44,False,124.89,140.01,-6.18,,3642.36,2651,False,0,0,2025-06-02 16:43:56
a68ca6,N521AA  ,United States,1748882635,1748882635,-121.8313,38.2343,6850.38,False,145.79,37.11,5.85,,7124.7,3240,False,0,0,2025-06-02 16:43:56
a6ca7f,ASA8    ,United States,1748882635,1748882635,-122.3427,37.6473,464.82,False,96.94,54.29,4.88,,434.34,1776,False,0,0,2025-06-02 16:43:56
a288e4,UAL539  ,United States,1748882556,1748882556,-122.3824,37.6212,,True,6.43,208.12,,,,3232,False,0,0,2025-06-02 16:43:56
aa32e4,N7561X  ,United States,1748882635,1748882635,-122.0713,38.0017,365.76,False,56.16,24.92,0.65,,304.8,,False,0,0,2025-06-02 16:43:56
a2b112,UAL369  ,United States,1748882568,1748882568,-122.3963,37.6201,,True,3.34,36.56,,,,3247,False,0,0,2025-06-02 16:43:56
ac1f44,EJA880  ,United States,1748882551,1748882551,-122.3829,37.6277,,True,0.06,298.12,,,,1357,False,0,0,2025-06-02 16:43:56
a9e11b,C8327   ,United States,1748882635,1748882635,-121.2586,38.7771,1371.6,False,60.4,215.99,0.0,,1371.6,,False,0,0,2025-06-02 16:43:56
a88467,QXE2079 ,United States,1748882635,1748882635,-122.0476,38.2664,4594.86,False,177.5,37.7,10.73,,4785.36,6363,False,0,0,2025-06-02 16:43:56
a81490,STT62   ,United States,1748882635,1748882635,-122.6609,38.3164,1356.36,False,63.26,148.64,-4.23,,1356.36,3120,False,0,0,2025-06-02 16:43:56
a2f0f3,N289RT  ,United States,1748882632,1748882632,-122.211,37.729,,True,0.0,213.75,,,,4505,False,0,0,2025-06-02 16:43:56
76cdb9,SIA32   ,Singapore,1748882594,1748882594,-122.3928,37.6199,,True,3.34,132.19,,,,1113,False,0,0,2025-06-02 16:43:56
ac16bb,SWA2437 ,United States,1748882622,1748882622,-122.2123,37.71,,True,0.0,129.38,,,,,False,0,0,2025-06-02 16:43:56
aad96c,N79893  ,United States,1748882635,1748882635,-121.4163,38.1596,548.64,False,46.92,74.74,-1.3,,502.92,,False,0,0,2025-06-02 16:43:56
aab31a,N789MT  ,United States,1748882635,1748882635,-121.8699,38.0856,609.6,False,32.04,312.4,-0.33,,579.12,,False,0,0,2025-06-02 16:43:56
a68631,N5197F  ,United States,1748882633,1748882635,-121.6068,37.8388,350.52,False,43.55,128.77,-0.33,,320.04,,False,0,0,2025-06-02 16:43:56
abf67f,N870BR  ,United States,1748882635,1748882635,-121.1798,38.0053,1386.84,False,73.27,311.3,-0.65,,1386.84,,False,0,0,2025-06-02 16:43:56
a98d3b,N714ZU  ,United States,1748882634,1748882635,-121.4613,38.3589,388.62,False,47.69,20.19,2.6,,327.66,,False,0,0,2025-06-02 16:43:56
a4ffca,N421ER  ,United States,1748882635,1748882635,-121.4334,37.6901,609.6,False,45.13,133.15,-2.6,,601.98,,False,0,0,2025-06-02 16:43:56
a718be,N5565B  ,United States,1748882630,1748882630,-121.1228,38.9508,723.9,False,58.08,71.4,-2.93,,716.28,,False,0,0,2025-06-02 16:43:56
a588c7,N456DX  ,United States,1748882635,1748882635,-122.0978,37.5482,358.14,False,47.51,184.97,0.65,,327.66,1200,False,0,0,2025-06-02 16:43:56
a6c4f0,CXK546  ,United States,1748882635,1748882635,-121.8507,37.6796,426.72,False,42.85,175.18,2.6,,419.1,,False,0,0,2025-06-02 16:43:56
a448f6,UAL2863 ,United States,1748882635,1748882636,-122.2993,37.5867,335.28,False,82.86,298.16,-4.88,,312.42,7773,False,0,0,2025-06-02 16:43:56
011111,N8245A  ,Egypt,1748882635,1748882635,-121.6142,37.8177,1379.22,False,54.38,203.41,0.0,,1379.22,,False,0,2,2025-06-02 16:43:56
a0a457,SKW5241 ,United States,1748882349,1748882350,-122.387,37.6211,,True,0.26,219.38,,,,1664,False,0,0,2025-06-02 16:43:56
a3f10a,N353ME  ,United States,1748882634,1748882635,-121.5713,38.4195,472.44,False,47.39,32.14,1.3,,434.34,,False,0,0,2025-06-02 16:43:56
a9be77,N727KJ  ,United States,1748882635,1748882635,-121.0675,38.5154,1059.18,False,30.25,131.55,0.33,,1066.8,,False,0,0,2025-06-02 16:43:56
a66484,N5105P  ,United States,1748882635,1748882636,-121.5111,38.3804,609.6,False,46.34,292.86,0.98,,594.36,,False,0,0,2025-06-02 16:43:56
a06435,,United States,1748882614,1748882615,-122.3849,37.607,,True,0.64,168.75,,,,,False,0,0,2025-06-02 16:43:56
a7f804,SKW5490 ,United States,1748882635,1748882635,-122.1266,38.8832,9906.0,False,216.89,262.5,-5.2,,10271.76,7072,False,0,0,2025-06-02 16:43:56
